lat	long	country	state	location
-22.2343858	-45.9327241	Brazil	Minas Gerais	Pouso Alegre
-23.5506507	-46.6333824	Brazil	São Paulo	São Paulo
-22.9520235	-46.5418586	Brazil	São Paulo	Bragança Paulista
-20.5381768	-47.4009795	Brazil	SP	FRANCA
-8.1752476	-34.9468716	Brazil	PE	JABOATAO DOS GUARARAPES
-13.547958	-58.8146235	Brazil	MT	SAPEZAL
-15.7934036	-47.8823172	Brazil	DF	BRASILIA
-23.2638828	-47.298892	Brazil	SP	ITU
-6.0696846	-49.8903283	Brazil	PA	PARAUAPEBAS
-7.193241	-48.2018597	Brazil	TO	ARAGUAINA
-21.8361108	-45.401986	Brazil	MG	CAMPANHA
-1.2927031	-47.9223903	Brazil	PA	CASTANHAL
-15.5986686	-56.0991301	Brazil	MT	CUIABA
-13.0664609	-55.9196711	Brazil	MT	LUCAS DO RIO VERDE
-11.8508224	-55.5175957	Brazil	MT	SINOP
-14.0691776	-42.4852428	Brazil	BA	CAETITE
-17.5376644	-39.7458096	Brazil	BA	TEIXEIRA DE FREITAS
-21.7103738	-47.4777943	Brazil	SP	SANTA RITA DO PASSA QUATRO
-16.680882	-49.2532691	Brazil	GO	GOIANIA
-16.3332828	-48.9525756	Brazil	GO	ANAPOLIS
-21.178333	-47.8066671	Brazil	SP	RIBEIRAO PRETO
-10.1837852	-48.3336423	Brazil	TO	PALMAS
-0.0307068	-51.1789666	Brazil	AP	SANTANA
-9.9076522	-63.033069	Brazil	RO	ARIQUEMES
-15.7934036	-47.8823172	Brazil	DF	BRASÍLIA
-14.792599	-39.0453843	Brazil	BA	ILHEUS
-23.1887668	-46.884506	Brazil	SP	JUNDIAI
-22.9999295	-47.5031066	Brazil	SP	CAPIVARI
-21.7900318	-46.5647928	Brazil	MG	POCOS DE CALDAS
-19.0016365	-57.6534316	Brazil	MS	CORUMBA
-22.8549109	-46.3190079	Brazil	MG	EXTREMA
-22.5225497	-44.1040128	Brazil	RJ	VOLTA REDONDA
-21.5565914	-45.4340674	Brazil	MG	VARGINHA
-23.5427842	-46.3108391	Brazil	SP	SUZANO
-14.0835852	-46.3563185	Brazil	GO	POSSE
-25.533816	-49.2072163	Brazil	PR	SAO JOSE DOS PINHAIS
-22.90556	-47.06083	Brazil	SP	CAMPINAS
-22.3569477	-47.3838889	Brazil	SP	ARARAS
-22.12	-45.511389	Brazil	MG	NATÉRCIA
-22.6122501	-46.0572137	Brazil	MG	CAMBUI
-22.7592175	-43.4508728	Brazil	RJ	NOVA IGUACU
-22.433009	-46.9581629	Brazil	SP	MOGI MIRIM
-23.5003451	-47.4582864	Brazil	SP	SOROCABA
-23.3076318	-47.1325128	Brazil	SP	CABREUVA
-14.5424536	-49.9694813	Brazil	GO	CRIXAS
-19.0016365	-57.6534316	Brazil	MS	CORUMBÁ
-23.4446715	-46.9167722	Brazil	SP	SANTANA DE PARNAIBA
-23.5324859	-46.7916801	Brazil	SP	OSASCO
-22.72528	-47.64917	Brazil	SP	PIRACICABA
-23.9849105	-48.8803886	Brazil	SP	ITAPEVA
-20.7538586	-42.8815888	Brazil	MG	VICOSA
-22.9196772	-42.8184375	Brazil	RJ	MARICA
-16.2535456	-47.9500276	Brazil	GO	LUZIANIA
-23.1989983	-47.2913682	Brazil	SP	SALTO
-22.7392463	-47.3306032	Brazil	SP	AMERICANA
-21.7609533	-43.3501129	Brazil	MG	JUIZ DE FORA
-22.7896225	-43.309929	Brazil	RJ	DUQUE DE CAXIAS
-22.4100108	-47.5603933	Brazil	SP	RIO CLARO
-22.0680484	-46.5688976	Brazil	MG	ANDRADAS
-23.62028	-45.41306	Brazil	SP	CARAGUATATUBA
-21.464731	-47.002405	Brazil	SP	MOCOCA
-21.9090404	-47.6203241	Brazil	SP	DESCALVADO
-22.4164578	-42.975194	Brazil	RJ	TERESOPOLIS
-19.8245218	-40.2735025	Brazil	ES	ARACRUZ
-21.4297405	-45.9479419	Brazil	MG	ALFENAS
-22.741347	-46.894846	Brazil	SP	PEDREIRA
-22.9520235	-46.5418586	Brazil	SP	BRAGANCA PAULISTA
-15.2454478	-40.2460053	Brazil	BA	ITAPETINGA
-23.031448	-45.5612792	Brazil	SP	TAUBATE
-21.9980468	-47.4280861	Brazil	SP	PIRASSUNUNGA
-23.07753	-44.9567436	Brazil	SP	CUNHA
0.0401529	-51.0569588	Brazil	AP	MACAPA
-22.8832371	-43.1154552	Brazil	RJ	NITEROI
-23.0949649	-46.7148565	Brazil	SP	JARINU
-22.8219014	-43.0309252	Brazil	RJ	SAO GONCALO
-22.851552	-45.2340924	Brazil	SP	APARECIDA
-11.4230908	-58.7570212	Brazil	MT	JUINA
-23.1626556	-47.7433878	Brazil	SP	CERQUILHO
-22.9965861	-46.8412042	Brazil	SP	ITATIBA
-4.9514278	-47.4844564	Brazil	MA	ACAILANDIA
-16.0644315	-57.6879744	Brazil	MT	CACERES
-23.5304843	-47.1355473	Brazil	SP	SAO ROQUE
-23.3328038	-46.724446	Brazil	SP	FRANCO DA ROCHA
-9.8698547	-56.0834993	Brazil	MT	ALTA FLORESTA
-23.3518451	-47.848026	Brazil	SP	TATUI
-22.372222	-46.9425	Brazil	SP	MOGI GUACU
-20.4640173	-54.6162947	Brazil	MS	CAMPO GRANDE
-22.9110137	-43.2093727	Brazil	RJ	RIO DE JANEIRO
-22.1532505	-46.0404698	Brazil	MG	CONGONHAL
-21.0901253	-45.5660195	Brazil	MG	BOA ESPERANCA
-17.2174056	-46.8707514	Brazil	MG	PARACATU
-22.5286917	-55.723426	Brazil	MS	PONTA PORA
-1.45056	-48.4682453	Brazil	PA	BELEM
-21.695625	-45.2543675	Brazil	MG	TRES CORACOES
-15.5614127	-54.2993946	Brazil	MT	PRIMAVERA DO LESTE
-22.2343858	-45.9327241	Brazil	MG	POUSO ALEGRE
-22.6437398	-47.1972086	Brazil	SP	COSMOPOLIS
-5.3462821	-49.1007401	Brazil	PA	MARABA
-21.9778137	-46.7881722	Brazil	SP	SAO JOAO DA BOA VISTA
-23.6544825	-47.220856	Brazil	SP	IBIUNA
-22.3712958	-41.7866922	Brazil	RJ	MACAE
-3.204065	-52.209961	Brazil	PA	ALTAMIRA
-21.866945	-43.01	Brazil	MG	MAR DE ESPANHA
-22.9257974	-42.507633	Brazil	RJ	SAQUAREMA
-13.117431	-60.545428	Brazil	RO	COLORADO DO OESTE
-21.1331035	-48.9712817	Brazil	SP	CATANDUVA
-15.645816	-56.132218	Brazil	MT	VARZEA GRANDE
-3.1316333	-59.9825041	Brazil	AM	MANAUS
-23.8807771	-47.9963492	Brazil	SP	SÃO MIGUEL ARCANJO
-15.5492443	-47.3301212	Brazil	GO	FORMOSA
-20.3297037	-40.2920174	Brazil	ES	VILA VELHA
-23.5506507	-46.6333824	Brazil	SP	SAO PAULO
-15.2315171	-59.3349512	Brazil	MT	PONTES E LACERDA
-2.438489	-54.699611	Brazil	PA	SANTAREM
-21.8760576	-42.6810473	Brazil	MG	ALEM PARAIBA
-23.1860383	-45.8866816	Brazil	SP	SAO JOSE DOS CAMPOS
-22.2206145	-54.812208	Brazil	MS	DOURADOS
-1.68036	-50.479085	Brazil	PA	BREVES
-23.681347	-46.62052	Brazil	SP	DIADEMA
-22.5269448	-41.944972	Brazil	RJ	RIO DAS OSTRAS
-20.4252908	-49.972028	Brazil	SP	VOTUPORANGA
-2.0458692	-47.5522076	Brazil	PA	MAE DO RIO
-13.8255015	-56.0849262	Brazil	MT	NOVA MUTUM
-22.1225167	-51.3882528	Brazil	SP	PRESIDENTE PRUDENTE
-21.877116	-51.8451047	Brazil	SP	PRESIDENTE VENCESLAU
-22.7824349	-46.5901718	Brazil	SP	PINHALZINHO
-21.4835523	-51.5334408	Brazil	SP	DRACENA
-12.5444887	-55.7233972	Brazil	MT	SORRISO
-23.6195923	-46.5688323	Brazil	SP	SAO CAETANO DO SUL
-22.190871	-46.74767	Brazil	SP	ESPÍRITO SANTO DO PINHAL
-21.6033611	-48.3660603	Brazil	SP	MATAO
-23.1042417	-48.6134874	Brazil	SP	ITATINGA
-20.5796525	-46.9262786	Brazil	MG	CÁSSIA
-20.3245873	-48.3148818	Brazil	SP	GUAÍRA
-14.6213903	-57.4907268	Brazil	MT	TANGARA DA SERRA
-21.8529134	-47.4794943	Brazil	SP	PORTO FERREIRA
-20.5814993	-47.8608238	Brazil	SP	SAO JOAQUIM DA BARRA
-20.1252961	-40.3064477	Brazil	ES	SERRA
-21.265545	-48.497066	Brazil	SP	MONTE ALTO
-19.6751971	-51.1874986	Brazil	MS	PARANAIBA
-17.3959899	-50.3749031	Brazil	GO	ACREUNA
-21.252037	-48.325223	Brazil	SP	JABOTICABAL
-22.6604221	-43.0426162	Brazil	RJ	MAGE
-21.2425512	-44.9991978	Brazil	MG	LAVRAS
-23.6121912	-46.7790539	Brazil	SP	TABOAO DA SERRA
-22.8080114	-43.4138222	Brazil	RJ	NILOPOLIS
-23.396266	-46.3175449	Brazil	SP	ARUJA
-22.9340165	-45.462938	Brazil	SP	PINDAMONHANGABA
-15.5605889	-49.9489571	Brazil	GO	ITAPURANGA
-20.3366604	-47.7797924	Brazil	SP	ITUVERAVA
-23.7080345	-46.5506747	Brazil	SP	SAO BERNARDO DO CAMPO
-21.0793213	-47.048612	Brazil	MG	ITAMOGI
-12.742385	-56.512037	Brazil	MT	TAPURAH
-23.6492502	-47.5729465	Brazil	SP	SALTO DE PIRAPORA
-21.959162	-44.8899249	Brazil	MG	BAEPENDI
-23.433162	-45.083415	Brazil	SP	UBATUBA
-20.6034476	-41.2033505	Brazil	ES	CASTELO
-22.572737	-47.172679	Brazil	SP	ARTUR NOGUEIRA
-21.2908491	-50.34144	Brazil	SP	BIRIGUI
-21.7962773	-50.879119	Brazil	SP	OSVALDO CRUZ
-15.3103568	-49.6032054	Brazil	GO	CERES
-23.4430602	-46.524459	Brazil	SP	GUARULHOS
-20.9124331	-46.9823296	Brazil	MG	SAO SEBASTIAO DO PARAISO
-15.4571536	-47.6089024	Brazil	GO	PLANALTINA
-17.742777	-46.175278	Brazil	MG	JOAO PINHEIRO
-22.6029897	-48.8031367	Brazil	SP	LENCOIS PAULISTA
-20.025296	-40.743931	Brazil	ES	SANTA MARIA DE JETIBA
-22.8384835	-42.1031604	Brazil	RJ	SAO PEDRO DA ALDEIA
-21.207992	-50.4390225	Brazil	SP	ARACATUBA
-20.5531437	-48.5697509	Brazil	SP	BARRETOS
-22.5129436	-44.001435	Brazil	RJ	PINHEIRAL
-23.30528	-45.96583	Brazil	SP	JACAREI
-23.588607	-48.048326	Brazil	SP	ITAPETININGA
-22.4238234	-45.4524156	Brazil	MG	ITAJUBA
-23.1030302	-47.7147937	Brazil	SP	TIETÊ
-21.757778	-45.541111	Brazil	MG	MONSENHOR PAULO
-22.1859721	-47.389764	Brazil	SP	LEME
-22.432778	-46.572778	Brazil	MG	MONTE SIAO
-22.8043744	-43.3724125	Brazil	RJ	SAO JOAO DE MERITI
-22.85833	-47.22	Brazil	SP	HORTOLANDIA
-22.5902619	-46.5249112	Brazil	SP	SOCORRO
-23.8027866	-45.4070527	Brazil	SP	SAO SEBASTIAO
-22.4203497	-50.5792099	Brazil	SP	PARAGUACU PAULISTA
-22.1167884	-43.2087226	Brazil	RJ	TRES RIOS
-22.217108	-49.95006	Brazil	SP	MARILIA
-21.275	-43.178889	Brazil	MG	RIO POMBA
-23.0622152	-54.2018319	Brazil	MS	NAVIRAI
-20.2671767	-50.5492435	Brazil	SP	JALES
-18.2174587	-49.739721	Brazil	GO	BOM JESUS DE GOIÁS
-23.5234284	-46.1926671	Brazil	SP	MOGI DAS CRUZES
-25.6704878	-53.8083036	Brazil	PA	CAPANEMA
-2.6486947	-56.23737202547884	Brazil	PA	JURUTI
-21.4192406	-50.0765588	Brazil	SP	PENAPOLIS
-13.8604033	-40.0719627	Brazil	BA	JEQUIE
-21.3087615	-46.7190609	Brazil	MG	GUAXUPE
-4.3227472	-46.4516989	Brazil	MA	BURITICUPU
-20.4281001	-51.3410871	Brazil	SP	ILHA SOLTEIRA
-23.09028	-47.21806	Brazil	SP	INDAIATUBA
-22.9777918	-49.868204	Brazil	SP	OURINHOS
-22.2125766	-49.6547994	Brazil	SP	GARCA
-22.8804369	-42.0189227	Brazil	RJ	CABO FRIO
-21.6762861	-45.9211696	Brazil	MG	MACHADO
-22.0592036	-46.979384	Brazil	SP	AGUAI
-22.3218102	-49.0705863	Brazil	SP	BAURU
-21.2542739	-50.6440083	Brazil	SP	GUARARAPES
-22.8057839	-45.1908926	Brazil	SP	GUARATINGUETA
-21.0919737	-45.0903543	Brazil	MG	PERDOES
-22.7630391	-47.1532213	Brazil	SP	PAULINIA
-12.9822499	-38.4812772	Brazil	BA	SALVADOR
-22.8217964	-47.267105	Brazil	SP	SUMARE
-15.5430787	-55.1590511	Brazil	MT	CAMPO VERDE
-8.7494525	-63.8735438	Brazil	RO	PORTO VELHO
-10.8778148	-61.9277854	Brazil	RO	JI PARANA
-12.5528918	-60.9027819	Brazil	RO	CHUPINGUAIA
-13.444663	-49.1423569	Brazil	GO	PORANGATU
-21.46824	-46.7493221	Brazil	SP	TAPIRATIBA
-22.0180395	-47.891154	Brazil	SP	SAO CARLOS
-11.2535587	-57.5080072	Brazil	MT	JUARA
-21.6348588	-41.0487079	Brazil	RJ	SAO JOAO DA BARRA
-23.5697765	-46.0407456	Brazil	SP	BIRITIBA MIRIM
-20.2106188	-50.9270837	Brazil	SP	SANTA FE DO SUL
-1.374035	-48.4016623	Brazil	PA	ANANINDEUA
-3.9063117	-38.387504	Brazil	CE	AQUIRAZ
-13.658735	-57.890723	Brazil	MT	CAMPO NOVO DO PARECIS
-15.7392283	-48.2793357	Brazil	GO	AGUAS LINDAS DE GOIAS
-15.9520115	-54.9762106	Brazil	MT	JACIARA
-13.4467103	-56.7214365	Brazil	MT	SAO JOSE DO RIO CLARO
-22.7496231	-42.8557428	Brazil	RJ	ITABORAI
-23.6573395	-46.5322504	Brazil	SP	SANTO ANDRE
-22.28493219724752	-48.5541819972118	Brazil	SP	JAU
-17.8907712	-39.3725471	Brazil	BA	Nova Viçosa
-15.4571536	-47.6089024	Brazil	GO	Planaltina
-16.8226769	-49.2452546	Brazil	GO	Aparecida de Goiânia
-23.5506507	-46.6333824	Brazil	SP	São Paulo
-22.9110137	-43.2093727	Brazil	RJ	RIODEJANEIRO
-27.5973002	-48.5496098	Brazil	SC	FLORIANOPOLIS
-23.5112184	-46.8764612	Brazil	SP	BARUERI
-23.603889	-46.918889	Brazil	SP	COTIA
-22.5615068	-47.401766	Brazil	SP	LIMEIRA
-8.0584933	-34.8848193	Brazil	PE	RECIFE
-24.497942	-47.844895	Brazil	SP	REGISTRO
-22.95714	-45.547526	Brazil	SP	TREMEMBE
-5.805398	-35.2080905	Brazil	RN	NATAL
-22.8629597	-43.775322	Brazil	RJ	ITAGUAI
-23.3847331	-53.2932989	Brazil	PR	DOURADINA
-20.2825647	-50.2500762	Brazil	SP	FERNANDOPOLIS
-26.7356218	-49.1770095	Brazil	SC	POMERODE
-23.1177393	-46.5547861	Brazil	SP	ATIBAIA
-16.7680599	-47.6133427	Brazil	GO	CRISTALINA
-23.052545	-46.359374	Brazil	SP	PIRACAIA
-22.6620892	-50.420623	Brazil	SP	ASSIS
-5.0896403	-42.809588	Brazil	PI	TERESINA
-21.013203	-48.220951	Brazil	SP	PITANGUEIRAS
-28.5966772	-51.7851426	Brazil	RS	PARAI
-15.7907819	-47.9374426	Brazil	DF	CRUZEIRO
-23.8857982	-46.4241869	Brazil	SP	CUBATAO
-23.5234673	-46.8406808	Brazil	SP	CARAPICUIBA
-23.960833	-46.333889	Brazil	SP	SANTOS
-20.0220064	-48.9280076	Brazil	MG	FRUTAL
-18.4864065	-49.9887805	Brazil	GO	INACIOLANDIA
-23.816628	-45.368685	Brazil	SP	ILHABELA
-23.6495294	-46.8528497	Brazil	SP	EMBU
-12.624266	-38.9885844	Brazil	BA	MURITIBA
-7.08562	-45.1397421	Brazil	MA	LORETO
-26.721575	-52.8591464	Brazil	SC	JARDINOPOLIS
-21.387426	-42.6957219	Brazil	MG	CATAGUASES
-23.1045215	-48.9259103	Brazil	SP	AVARE
-25.4295963	-49.2712724	Brazil	PR	CURITIBA
-3.8889838	-38.4546585	Brazil	CE	EUSEBIO
-14.5244164	-49.1510022	Brazil	GO	URUACU
-22.2428119	-45.4659922	Brazil	MG	PEDRALVA
-21.12	-42.942777	Brazil	MG	UBA
-22.88972	-47.2062298	Brazil	MA	ITAPECURUMIRIM
-16.3722412	-39.575704	Brazil	BA	EUNAPOLIS
-14.29507325	-41.65930751	Brazil	BA	BRUMADO
-5.5269279	-47.478115	Brazil	MA	IMPERATRIZ
-29.4508908	-51.307713	Brazil	RS	FELIZ
-23.3644621	-46.7484765	Brazil	SP	CAIEIRAS
-11.4333	-61.4420502	Brazil	RO	CACOAL
-23.5249082	-46.3445663	Brazil	SP	POA
-23.4754492	-46.3514033	Brazil	SP	ITAQUAQUECETUBA
-22.70111	-46.76444	Brazil	SP	AMPARO
-21.7213723	-43.0604327	Brazil	MG	BICAS
-20.896505	-51.3742765	Brazil	SP	ANDRADINA
-3.7304512	-38.5217989	Brazil	CE	FORTALEZA
-22.75208405	-43.70792265	Brazil	RJ	SEROPEDICA
-20.080447	-49.9139767	Brazil	SP	CARDOSO
-22.755278	-46.144444	Brazil	MG	CAMANDUCAIA
-22.1088293	-50.1720753	Brazil	SP	POMPEIA
-22.786384	-50.2198965	Brazil	SP	PALMITAL
-22.7367652	-45.1070876	Brazil	SP	LORENA
-22.5869091	-47.5160966	Brazil	SP	IRACEMAPOLIS
-21.9349129	-50.5141255	Brazil	SP	TUPA
-23.8317997	-46.8156204	Brazil	SP	EMBU-GUACU
-23.5337307	-49.2452541	Brazil	SP	TAQUARITUBA
-20.6718755	-40.4984617	Brazil	ES	GUARAPARI
-23.6669527	-46.4616922	Brazil	SP	MAUA
-19.3816944	-40.0612213	Brazil	ES	LINHARES
-24.2839929	-53.8405463	Brazil	PR	PALOTINA
-22.5075743	-43.1785356	Brazil	RJ	PETROPOLIS
-22.2461028	-43.6996917	Brazil	RJ	VALENCA
-22.5266308	-42.9790687	Brazil	RJ	GUAPIMIRIM
-22.4683626	-44.4463494	Brazil	RJ	RESENDE
-30.0819338	-51.0261927	Brazil	RS	VIAMAO
-26.9195567	-49.0658025	Brazil	SC	BLUMENAU
-27.1528578	-52.3096985	Brazil	SC	SEARA
-22.4093928	-43.6609318	Brazil	RJ	VASSOURAS
-27.6350709	-52.2738654	Brazil	RS	ERECHIM
-29.6826112	-51.4687455	Brazil	RS	MONTENEGRO
-23.438611	-47.061389	Brazil	SP	ARACARIGUAMA
-23.08639	-46.95056	Brazil	SP	LOUVEIRA
-29.4671522	-51.9624046	Brazil	RS	LAJEADO
-20.8057672	-40.6454564	Brazil	ES	ANCHIETA
-23.2684137	-51.0475907	Brazil	PR	IBIPORA
-22.2314922	-43.1056264	Brazil	RJ	AREAL
-21.0457369	-49.3767154	Brazil	SP	POTIRENDABA
-21.897763	-46.9085937	Brazil	SP	SP
-24.9554996	-53.4560544	Brazil	PR	CASCAVEL
-23.390161	-48.720868	Brazil	SP	PARANAPANEMA
-15.2921699	-39.0744599	Brazil	BA	UNA
-27.0964628	-48.9136323	Brazil	SC	BRUSQUE
-16.4603533	-54.6397099	Brazil	MT	RONDONOPOLIS
-3.7300563	-38.6593082	Brazil	CE	CAUCAIA
-21.0443673	-40.8272204	Brazil	ES	MARATAIZES
-22.783092	-43.4293599	Brazil	RJ	MESQUITA
-8.025294	-50.031687	Brazil	PA	REDENCAO
-22.6109158	-43.7096912	Brazil	RJ	PARACAMBI
-19.9033884	-49.3666934	Brazil	MG	ITAPAGIPE
-10.9162061	-37.0774655	Brazil	SE	ARACAJU
-23.3561111	-46.8769444	Brazil	SP	CAJAMAR
-5.1075611	-36.3195361	Brazil	RN	GUAMARE
-5.1983553	-39.2955573	Brazil	CE	QUIXERAMOBIM
-22.6427642	-43.6533831	Brazil	RJ	JAPERI
-14.4036262	-56.4364488	Brazil	MT	DIAMANTINO
-23.54888	-46.933889	Brazil	SP	ITAPEVI
-16.1263751	-50.2104393	Brazil	GO	MOSSAMEDES
-21.9754009	-45.3505415	Brazil	MG	LAMBARI
-20.7280805	-41.49667055	Brazil	ES	ALEGRE
-22.9600193	-44.04111	Brazil	RJ	MANGARATIBA
-20.6943324	-50.0406028	Brazil	SP	NHANDEARA
-23.5309113	-46.6325376	Brazil	SP	TIRADENTES
-23.932346	-47.0714217	Brazil	SP	JUQUITIBA
-24.1141771	-49.4644197	Brazil	PR	SENGES
-21.5594631	-50.448624	Brazil	SP	CLEMENTINA
-22.5788641	-53.0552246	Brazil	SP	ROSANA
-23.425269	-51.9382078	Brazil	PR	MARINGA
-7.8424353	-35.7539722	Brazil	PE	SURUBIM
-20.8375312	-40.7271589	Brazil	ES	PIUMA
-23.5282246	-46.902003	Brazil	SP	JANDIRA
-23.5697765	-46.0407456	Brazil	SP	BIRITIBA-MIRIM
-15.8630837	-38.8792845	Brazil	BA	BELMONTE
-12.1376415	-40.3590055	Brazil	BA	MACAJUBA
-23.4133724	-46.0379249	Brazil	SP	GUARAREMA
-23.4491841	-47.4755809	Brazil	SP	CASABRANCA
-5.1023325	-42.8449518	Brazil	MA	TIMON
-34.5920662	-58.38350016	Brazil	PE	BUENOSAIRES
-23.1030302	-47.7147937	Brazil	SP	TIETE
-3.8922967	-38.6835427	Brazil	CE	MARANGUAPE
-20.286111	-49.202778	Brazil	MG	FRONTEIRA
-26.3044898	-48.8486726	Brazil	SC	JOINVILLE
-20.6435211	-51.5084479	Brazil	SP	ITAPURA
-21.5314282	-42.6403534	Brazil	MG	LEOPOLDINA
-26.9117879	-48.6669852	Brazil	SC	ITAJAI
-23.4520189	-46.3467826	Brazil	SP	ITAQUA
-23.848568	-46.139586	Brazil	SP	BERTIOGA
-10.6243298	-48.2759896	Brazil	SC	SAOJOSE
-24.1851885	-53.0250623	Brazil	PR	GOIOERE
-22.436111	-46.821667	Brazil	SP	ITAPIRA
-24.0959454	-46.6234361	Brazil	SP	MONGAGUA
-23.9927768	-46.2558332	Brazil	SP	GUARUJA
-23.3186111	-46.5866667	Brazil	SP	MAIRIPORA
-22.8879628	-48.4410712	Brazil	SP	BOTUCATU
-23.099204	-45.707645	Brazil	SP	CACAPAVA
-23.3864203	-45.6626797	Brazil	SP	PARAIBUNA
-23.0143559	-47.5306721	Brazil	SP	RAFARD
-21.7886713	-48.1773096	Brazil	SP	ARARAQUARA
-22.2666414	-42.499075	Brazil	RJ	BOACU
-22.4099596	-44.2621818	Brazil	RJ	RJ
-29.9440222	-50.9930938	Brazil	RS	GRAVATAI
-7.8354423	-34.9061125	Brazil	PE	IGARASSU
-22.8923164	-43.5851991	Brazil	RJ	CALIFORNIA
-22.8733203	-42.3428897	Brazil	RJ	ARARUAMA
-22.7156978	-43.555754	Brazil	RJ	QUEIMADOS
-12.6998188	-38.3260762	Brazil	BA	CAMACARI
-27.6447774	-48.6646323	Brazil	SC	PALHOCA
-21.496092	-48.0360685	Brazil	SP	GUATAPARA
-21.6741873	-49.7518932	Brazil	SP	LINS
-24.1848847	-46.7921572	Brazil	SP	ITANHAEM
-16.2548322	-49.3675277	Brazil	GO	DAMOLANDIA
-22.97056	-46.99583	Brazil	SP	VALINHOS
-7.9986401	-34.8459552	Brazil	PE	OLINDA
-21.566243	-51.2633114	Brazil	SP	PACAEMBU
-21.7143301	-41.2966992	Brazil	RJ	CHILE
-22.66384	-44.852157	Brazil	SP	SILVEIRAS
-23.5168463	-46.3356252	Brazil	SP	CAIERAS
-23.4699189	-46.290101	Brazil	SP	MONTEMOR
-23.16233565	-45.79541016195431	Brazil	SP	SJC
-23.0298535	-46.9749847	Brazil	SP	VINHEDO
-22.4768324	-47.4550551	Brazil	SP	CORDEIROPOLIS
-24.3218105	-46.9977452	Brazil	SP	PERUIBE
-22.8446614	-47.675489	Brazil	SP	SALTINHO
-15.6194133	-56.060574627468036	Brazil	MT	CBA
-22.7353777	-42.7202272	Brazil	RJ	TANGUA
-23.2196461	-44.7154196	Brazil	RJ	PARATI
-23.5401247	-47.1846323	Brazil	SP	MAIRINQUE
-7.487004	-36.130887	Brazil	PB	BOQUEIRAO
-20.1597921	-44.8739341	Brazil	MG	DIVINOPOLIS
-20.3200917	-40.3376682	Brazil	ES	VITORIA
-21.2066883	-47.6053774	Brazil	SP	SERRANA
-29.9216045	-51.1799525	Brazil	RS	CANOAS
-22.1869969	-41.6633764	Brazil	RJ	CARAPEBUS
-22.4367964	-47.5558826	Brazil	SP	PF
-7.54122565	-35.449102477927944	Brazil	PE	MACAPARANA
-22.8778351	-43.1234858	Brazil	RJ	PORTUGAL
-23.3112878	-51.1595023	Brazil	PR	LONDRINA
-25.309460299999998	-49.18507242898573	Brazil	PR	COLOMBO
-24.7951117	-53.2961804	Brazil	PR	CORBELIA
-21.70292	-47.270344	Brazil	SP	TAMBAU
-22.9008966	-45.3098797	Brazil	SP	ROSEIRA
-22.7597805	-41.8875267	Brazil	RJ	BUZIOS
-22.2628955	-47.5882065	Brazil	SP	FERRAZ
-12.6693806	-38.5406462	Brazil	BA	CANDEIAS
-21.9755872	-44.9311403	Brazil	MG	CAXAMBU
-18.9188041	-48.2767837	Brazil	MG	UBERLANDIA
-23.1019554	-48.2610535	Brazil	SP	BOFETE
-28.241827	-48.6643444	Brazil	SC	IMBITUBA
-23.528805	-45.84653	Brazil	SP	SALESOPOLIS
-12.9400261	-38.4835618	Brazil	PR	ALMIRANTETAMANDARE
-4.2732339	-41.7785173	Brazil	PI	PIRIPIRI
-22.7342277	-43.3638693	Brazil	RJ	BAHIA
-23.4989809	-46.8478321	Brazil	SP	ALPHAVILLE
-19.9132749	-44.0840953	Brazil	MG	CONTAGEM
-19.4175	-41.728334	Brazil	MG	ALVARENGA
-23.5525327	-51.4610764	Brazil	PR	APUCARANA
-7.9340069	-34.868407	Brazil	PE	PAULISTA
-8.5066761	-35.3747339	Brazil	PE	RIBEIRAO
-22.8377227	-45.2565239	Brazil	SP	POTIM
-20.075556	-44.576389	Brazil	MG	ITAUNA
-8.1752476	-34.9468716	Brazil	PE	JABOATAO
-9.3817334	-40.4968875	Brazil	PE	PETROLINA
-7.6307956	-72.6703869	Brazil	Acre	CRUZEIRO DO SUL
-9.9765362	-67.8220778	Brazil	Acre	RIO BRANCO
0.0401529	-51.0569588	Brazil	Amapá	MACAPA
-0.0307068	-51.1789666	Brazil	Amapá	SANTANA
-3.1316333	-59.9825041	Brazil	Amazonas	MANAUS
-15.8630837	-38.8792845	Brazil	Bahia	BELMONTE
-14.29507325	-41.659307508575985	Brazil	Bahia	BRUMADO
-14.0691776	-42.4852428	Brazil	Bahia	CAETITE
-12.6998188	-38.3260762	Brazil	Bahia	CAMACARI
-12.6693806	-38.5406462	Brazil	Bahia	CANDEIAS
-12.6722649	-39.1053665	Brazil	Bahia	CRUZ DAS ALMAS
-12.6107233	-38.3028518	Brazil	Bahia	DIAS D'AVILA
-16.3722412	-39.575704	Brazil	Bahia	EUNAPOLIS
-12.2578934	-38.9598047	Brazil	Bahia	FEIRA DE SANTANA
-14.792599	-39.0453843	Brazil	Bahia	ILHEUS
-15.2454478	-40.2460053	Brazil	Bahia	ITAPETINGA
-13.8604033	-40.0719627	Brazil	Bahia	JEQUIE
-12.89242	-38.3127691	Brazil	Bahia	LAURO DE FREITAS
-12.1376415	-40.3590055	Brazil	Bahia	MACAJUBA
-12.624266	-38.9885844	Brazil	Bahia	MURITIBA
-17.8907712	-39.3725471	Brazil	Bahia	Nova Viçosa
-12.9822499	-38.4812772	Brazil	Bahia	SALVADOR
-17.5376644	-39.7458096	Brazil	Bahia	TEIXEIRA DE FREITAS
-15.2921699	-39.0744599	Brazil	Bahia	UNA
-3.9063117	-38.387504	Brazil	Ceará	AQUIRAZ
-3.7300563	-38.6593082	Brazil	Ceará	CAUCAIA
-3.8889838	-38.4546585	Brazil	Ceará	EUSEBIO
-3.7304512	-38.5217989	Brazil	Ceará	FORTALEZA
-7.2153453	-39.3153336	Brazil	Ceará	JUAZEIRO DO NORTE
-3.8922967	-38.6835427	Brazil	Ceará	MARANGUAPE
-5.1983553	-39.2955573	Brazil	Ceará	QUIXERAMOBIM
-15.7934036	-47.8823172	Brazil	Distrito Federal	BRASILIA
-15.7934036	-47.8823172	Brazil	Distrito Federal	BRASÍLIA
-15.7934036	-47.8823172	Brazil	Distrito Federal	DISTRITO FEDERAL
-20.728080499999997	-41.49667054846215	Brazil	Espírito Santo	ALEGRE
-20.8057672	-40.6454564	Brazil	Espírito Santo	ANCHIETA
-19.8245218	-40.2735025	Brazil	Espírito Santo	ARACRUZ
-19.5138322	-41.0182089	Brazil	Espírito Santo	BAIXO GUANDU
-18.7570902	-40.8916119	Brazil	Espírito Santo	BARRA DE SAO FRANCISCO
-20.848084	-41.11129	Brazil	Espírito Santo	CACHOEIRO DE ITAPEMIRIM
-20.6034476	-41.2033505	Brazil	Espírito Santo	CASTELO
-20.6718755	-40.4984617	Brazil	Espírito Santo	GUARAPARI
-19.3816944	-40.0612213	Brazil	Espírito Santo	LINHARES
-21.0443673	-40.8272204	Brazil	Espírito Santo	MARATAIZES
-18.7063456	-40.3969786	Brazil	Espírito Santo	NOVA VENECIA
-20.8375312	-40.7271589	Brazil	Espírito Santo	PIUMA
-20.025296	-40.743931	Brazil	Espírito Santo	SANTA MARIA DE JETIBA
-19.0148349	-40.539464	Brazil	Espírito Santo	SAO GABRIEL DA PALHA
-20.1252961	-40.3064477	Brazil	Espírito Santo	SERRA
-20.3297037	-40.2920174	Brazil	Espírito Santo	VILA VELHA
-20.3200917	-40.3376682	Brazil	Espírito Santo	VITORIA
-17.3959899	-50.3749031	Brazil	Goiás	ACREUNA
-15.7392283	-48.2793357	Brazil	Goiás	AGUAS LINDAS DE GOIAS
-14.1954948	-49.3366993	Brazil	Goiás	ALTO HORIZONTE
-16.3332828	-48.9525756	Brazil	Goiás	ANAPOLIS
-18.2174587	-49.739721	Brazil	Goiás	BOM JESUS DE GOIÁS
-15.3103568	-49.6032054	Brazil	Goiás	CERES
-16.7680599	-47.6133427	Brazil	Goiás	CRISTALINA
-14.5424536	-49.9694813	Brazil	Goiás	CRIXAS
-16.2548322	-49.3675277	Brazil	Goiás	DAMOLANDIA
-15.5492443	-47.3301212	Brazil	Goiás	FORMOSA
-16.680882	-49.2532691	Brazil	Goiás	GOIANIA
-18.4864065	-49.9887805	Brazil	Goiás	INACIOLANDIA
-15.5605889	-49.9489571	Brazil	Goiás	ITAPURANGA
-16.2535456	-47.9500276	Brazil	Goiás	LUZIANIA
-16.1263751	-50.2104393	Brazil	Goiás	MOSSAMEDES
-14.0968848	-50.3396014	Brazil	Goiás	NOVA CRIXAS
-15.4571536	-47.6089024	Brazil	Goiás	PLANALTINA
-13.444663	-49.1423569	Brazil	Goiás	PORANGATU
-14.0835852	-46.3563185	Brazil	Goiás	POSSE
-15.4571536	-47.6089024	Brazil	Goiás	Planaltina
-17.7921255	-50.9191219	Brazil	Goiás	RIO VERDE
-16.5210639	-50.3726281	Brazil	Goiás	SAO LUIS DE MONTES BELOS
-14.5244164	-49.1510022	Brazil	Goiás	URUACU
-4.9514278	-47.4844564	Brazil	Maranhão	ACAILANDIA
-4.3227472	-46.4516989	Brazil	Maranhão	BURITICUPU
-5.5269279	-47.478115	Brazil	Maranhão	IMPERATRIZ
-7.08562	-45.1397421	Brazil	Maranhão	LORETO
-2.5634605	-44.2448718	Brazil	Maranhão	SAO LUIS
-5.1023325	-42.8449518	Brazil	Maranhão	TIMON
-14.0522968	-52.1617625	Brazil	Mato Grosso	AGUA BOA
-9.8698547	-56.0834993	Brazil	Mato Grosso	ALTA FLORESTA
-16.0644315	-57.6879744	Brazil	Mato Grosso	CACERES
-13.658735	-57.890723	Brazil	Mato Grosso	CAMPO NOVO DO PARECIS
-15.5430787	-55.1590511	Brazil	Mato Grosso	CAMPO VERDE
-15.5986686	-56.0991301	Brazil	Mato Grosso	CUIABA
-15.5986686	-56.0991301	Brazil	Mato Grosso	Cuiabá
-14.4036262	-56.4364488	Brazil	Mato Grosso	DIAMANTINO
-15.9520115	-54.9762106	Brazil	Mato Grosso	JACIARA
-11.2535587	-57.5080072	Brazil	Mato Grosso	JUARA
-11.4230908	-58.7570212	Brazil	Mato Grosso	JUINA
-13.0664609	-55.9196711	Brazil	Mato Grosso	LUCAS DO RIO VERDE
-6.542274000000001	-37.7129435440471	Brazil	Mato Grosso	MATO GROSSO
-13.8255015	-56.0849262	Brazil	Mato Grosso	NOVA MUTUM
-15.2315171	-59.3349512	Brazil	Mato Grosso	PONTES E LACERDA
-15.5614127	-54.2993946	Brazil	Mato Grosso	PRIMAVERA DO LESTE
-16.4603533	-54.6397099	Brazil	Mato Grosso	RONDONOPOLIS
-13.4467103	-56.7214365	Brazil	Mato Grosso	SAO JOSE DO RIO CLARO
-13.547958	-58.8146235	Brazil	Mato Grosso	SAPEZAL
-11.8508224	-55.5175957	Brazil	Mato Grosso	SINOP
-12.5444887	-55.7233972	Brazil	Mato Grosso	SORRISO
-14.6213903	-57.4907268	Brazil	Mato Grosso	TANGARA DA SERRA
-12.742385	-56.512037	Brazil	Mato Grosso	TAPURAH
-15.645816	-56.132218	Brazil	Mato Grosso	VARZEA GRANDE
-20.4640173	-54.6162947	Brazil	Mato Grosso do Sul	CAMPO GRANDE
-19.0016365	-57.6534316	Brazil	Mato Grosso do Sul	CORUMBA
-19.0016365	-57.6534316	Brazil	Mato Grosso do Sul	CORUMBÁ
-22.2206145	-54.812208	Brazil	Mato Grosso do Sul	DOURADOS
-23.0622152	-54.2018319	Brazil	Mato Grosso do Sul	NAVIRAI
-22.2477565	-53.3480621	Brazil	Mato Grosso do Sul	NOVA ANDRADINA
-19.6751971	-51.1874986	Brazil	Mato Grosso do Sul	PARANAIBA
-22.5286917	-55.723426	Brazil	Mato Grosso do Sul	PONTA PORA
-20.7866799	-51.7061247	Brazil	Mato Grosso do Sul	TRES LAGOAS
-21.8760576	-42.6810473	Brazil	Minas Gerais	ALEM PARAIBA
-21.4297405	-45.9479419	Brazil	Minas Gerais	ALFENAS
-19.4175	-41.728334	Brazil	Minas Gerais	ALVARENGA
-22.0680484	-46.5688976	Brazil	Minas Gerais	ANDRADAS
-21.959162	-44.8899249	Brazil	Minas Gerais	BAEPENDI
-19.9227318	-43.9450948	Brazil	Minas Gerais	BELO HORIZONTE
-21.7213723	-43.0604327	Brazil	Minas Gerais	BICAS
-21.0901253	-45.5660195	Brazil	Minas Gerais	BOA ESPERANCA
-22.441976	-46.3517971	Brazil	Minas Gerais	BUENO BRANDAO
-22.755278	-46.144444	Brazil	Minas Gerais	CAMANDUCAIA
-22.6122501	-46.0572137	Brazil	Minas Gerais	CAMBUI
-21.8361108	-45.401986	Brazil	Minas Gerais	CAMPANHA
-20.9236773	-43.6179487	Brazil	Minas Gerais	CAPELA NOVA
-21.460556	-45.223334	Brazil	Minas Gerais	CARMO DA CACHOEIRA
-20.973315	-46.1186754	Brazil	Minas Gerais	CARMO DO RIO CLARO
-21.387426	-42.6957219	Brazil	Minas Gerais	CATAGUASES
-21.9755872	-44.9311403	Brazil	Minas Gerais	CAXAMBU
-22.1532505	-46.0404698	Brazil	Minas Gerais	CONGONHAL
-19.1720883	-41.471995	Brazil	Minas Gerais	CONSELHEIRO PENA
-19.9132749	-44.0840953	Brazil	Minas Gerais	CONTAGEM
-19.5200067	-42.6282686	Brazil	Minas Gerais	CORONEL FABRICIANO
-22.755278	-46.144444	Brazil	Minas Gerais	Camanducaia
-20.5796525	-46.9262786	Brazil	Minas Gerais	CÁSSIA
-20.1597921	-44.8739341	Brazil	Minas Gerais	DIVINOPOLIS
-21.6094466	-45.5660211	Brazil	Minas Gerais	ELOI MENDES
-20.6494192	-41.9080693	Brazil	Minas Gerais	ESPERA FELIZ
-22.8549109	-46.3190079	Brazil	Minas Gerais	EXTREMA
-20.286111	-49.202778	Brazil	Minas Gerais	FRONTEIRA
-20.0220064	-48.9280076	Brazil	Minas Gerais	FRUTAL
-18.8539497	-41.9458753	Brazil	Minas Gerais	GOVERNADOR VALADARES
-21.3087615	-46.7190609	Brazil	Minas Gerais	GUAXUPE
-22.4238234	-45.4524156	Brazil	Minas Gerais	ITAJUBA
-21.0793213	-47.048612	Brazil	Minas Gerais	ITAMOGI
-19.9033884	-49.3666934	Brazil	Minas Gerais	ITAPAGIPE
-20.739722	-46.752222	Brazil	Minas Gerais	ITAU DE MINAS
-20.075556	-44.576389	Brazil	Minas Gerais	ITAUNA
-17.742777	-46.175278	Brazil	Minas Gerais	JOAO PINHEIRO
-21.7609533	-43.3501129	Brazil	Minas Gerais	JUIZ DE FORA
-19.6357376	-43.8966132	Brazil	Minas Gerais	LAGOA SANTA
-21.9754009	-45.3505415	Brazil	Minas Gerais	LAMBARI
-21.2425512	-44.9991978	Brazil	Minas Gerais	LAVRAS
-21.5314282	-42.6403534	Brazil	Minas Gerais	LEOPOLDINA
-21.6762861	-45.9211696	Brazil	Minas Gerais	MACHADO
-21.866945	-43.01	Brazil	Minas Gerais	MAR DE ESPANHA
-21.757778	-45.541111	Brazil	Minas Gerais	MONSENHOR PAULO
-22.432778	-46.572778	Brazil	Minas Gerais	MONTE SIAO
-22.12	-45.511389	Brazil	Minas Gerais	NATÉRCIA
-22.283056	-46.369167	Brazil	Minas Gerais	OURO FINO
-17.2174056	-46.8707514	Brazil	Minas Gerais	PARACATU
-18.6041453	-46.5096698	Brazil	Minas Gerais	PATOS DE MINAS
-22.2428119	-45.4659922	Brazil	Minas Gerais	PEDRALVA
-21.0919737	-45.0903543	Brazil	Minas Gerais	PERDOES
-21.7900318	-46.5647928	Brazil	Minas Gerais	POCOS DE CALDAS
-22.2343858	-45.9327241	Brazil	Minas Gerais	POUSO ALEGRE
-21.275	-43.178889	Brazil	Minas Gerais	RIO POMBA
-21.455867	-43.5522107	Brazil	Minas Gerais	SANTOS DUMONT
-21.1335755	-44.2588086	Brazil	Minas Gerais	SAO JOAO DEL REI
-19.6988548	-43.9583194	Brazil	Minas Gerais	SAO JOSE DA LAPA
-20.9124331	-46.9823296	Brazil	Minas Gerais	SAO SEBASTIAO DO PARAISO
-21.695625	-45.2543675	Brazil	Minas Gerais	TRES CORACOES
-21.12	-42.942777	Brazil	Minas Gerais	UBA
-18.9188041	-48.2767837	Brazil	Minas Gerais	UBERLANDIA
-21.5565914	-45.4340674	Brazil	Minas Gerais	VARGINHA
-20.7538586	-42.8815888	Brazil	Minas Gerais	VICOSA
-23.5525327	-51.4610764	Brazil	Paraná	APUCARANA
-24.046329	-52.37802	Brazil	Paraná	CAMPO MOURAO
-24.9554996	-53.4560544	Brazil	Paraná	CASCAVEL
-25.309460299999998	-49.18507242898573	Brazil	Paraná	COLOMBO
-24.7951117	-53.2961804	Brazil	Paraná	CORBELIA
-23.1825218	-50.6499263	Brazil	Paraná	CORNELIO PROCOPIO
-25.4295963	-49.2712724	Brazil	Paraná	CURITIBA
-23.3847331	-53.2932989	Brazil	Paraná	DOURADINA
-25.5401479	-54.5858139	Brazil	Paraná	FOZ DO IGUACU
-24.1851885	-53.0250623	Brazil	Paraná	GOIOERE
-23.2684137	-51.0475907	Brazil	Paraná	IBIPORA
-23.3112878	-51.1595023	Brazil	Paraná	LONDRINA
-23.425269	-51.9382078	Brazil	Paraná	MARINGA
-24.468132	-53.9547649	Brazil	Paraná	NOVA SANTA ROSA
-24.2839929	-53.8405463	Brazil	Paraná	PALOTINA
-25.533816	-49.2072163	Brazil	Paraná	SAO JOSE DOS PINHAIS
-24.1141771	-49.4644197	Brazil	Paraná	SENGES
-7.487004	-36.130887	Brazil	Paraíba	BOQUEIRAO
-7.2246743	-35.8771292	Brazil	Paraíba	CAMPINA GRANDE
-7.1215981	-34.882028	Brazil	Paraíba	JOAO PESSOA
-3.204065	-52.209961	Brazil	Pará	ALTAMIRA
-1.374035	-48.4016623	Brazil	Pará	ANANINDEUA
-1.45056	-48.4682453	Brazil	Pará	BELEM
-1.68036	-50.479085	Brazil	Pará	BREVES
-1.1933054	-47.1828679	Brazil	Pará	CAPANEMA
-1.2927031	-47.9223903	Brazil	Pará	CASTANHAL
-2.6486947	-56.23737202547884	Brazil	Pará	JURUTI
-2.0458692	-47.5522076	Brazil	Pará	MAE DO RIO
-5.3462821	-49.1007401	Brazil	Pará	MARABA
-6.0696846	-49.8903283	Brazil	Pará	PARAUAPEBAS
-8.025294	-50.031687	Brazil	Pará	REDENCAO
-2.438489	-54.699611	Brazil	Pará	SANTAREM
-7.900719	-34.898389	Brazil	Pernambuco	ABREU E LIMA
-8.3338293	-36.4176419	Brazil	Pernambuco	BELO JARDIM
-7.8354423	-34.9061125	Brazil	Pernambuco	IGARASSU
-8.1752476	-34.9468716	Brazil	Pernambuco	JABOATAO DOS GUARARAPES
-7.54122565	-35.449102477927944	Brazil	Pernambuco	MACAPARANA
-7.9986401	-34.8459552	Brazil	Pernambuco	OLINDA
-7.9340069	-34.868407	Brazil	Pernambuco	PAULISTA
-9.3817334	-40.4968875	Brazil	Pernambuco	PETROLINA
-8.0584933	-34.8848193	Brazil	Pernambuco	RECIFE
-8.5066761	-35.3747339	Brazil	Pernambuco	RIBEIRAO
-7.9959607	-35.039335	Brazil	Pernambuco	SAO LOURENCO DA MATA
-7.8424353	-35.7539722	Brazil	Pernambuco	SURUBIM
-7.6799549	-41.245425	Brazil	Piauí	PATOS DO PIAUI
-4.2732339	-41.7785173	Brazil	Piauí	PIRIPIRI
-5.0896403	-42.809588	Brazil	Piauí	TERESINA
-5.1075611	-36.3195361	Brazil	Rio Grande do Norte	GUAMARE
-5.805398	-35.2080905	Brazil	Rio Grande do Norte	NATAL
-28.8567806	-51.2801355	Brazil	Rio Grande do Sul	ANTONIO PRADO
-29.9216045	-51.1799525	Brazil	Rio Grande do Sul	CANOAS
-28.645056	-53.6058047	Brazil	Rio Grande do Sul	CRUZ ALTA
-27.6350709	-52.2738654	Brazil	Rio Grande do Sul	ERECHIM
-29.4508908	-51.307713	Brazil	Rio Grande do Sul	FELIZ
-29.9440222	-50.9930938	Brazil	Rio Grande do Sul	GRAVATAI
-29.4671522	-51.9624046	Brazil	Rio Grande do Sul	LAJEADO
-29.6826112	-51.4687455	Brazil	Rio Grande do Sul	MONTENEGRO
-28.7849383	-51.6091999	Brazil	Rio Grande do Sul	NOVA PRATA
-28.5966772	-51.7851426	Brazil	Rio Grande do Sul	PARAI
-30.0324999	-51.2303767	Brazil	Rio Grande do Sul	PORTO ALEGRE
-27.9061459	-55.1395757	Brazil	Rio Grande do Sul	PORTO XAVIER
-28.3654722	-53.2510995	Brazil	Rio Grande do Sul	SANTA BARBARA DO SUL
-28.3000481	-54.2669971	Brazil	Rio Grande do Sul	SANTO ANGELO
-32.0145182	-52.0406082	Brazil	Rio Grande do Sul	SAO JOSE DO NORTE
-28.0225895	-54.936466	Brazil	Rio Grande do Sul	SAO PAULO DAS MISSOES
-30.0819338	-51.0261927	Brazil	Rio Grande do Sul	VIAMAO
-23.0063966	-44.316326	Brazil	Rio de Janeiro	ANGRA DOS REIS
-22.8733203	-42.3428897	Brazil	Rio de Janeiro	ARARUAMA
-22.2314922	-43.1056264	Brazil	Rio de Janeiro	AREAL
-22.7597805	-41.8875267	Brazil	Rio de Janeiro	ARMACAO DOS BUZIOS
-22.7597805	-41.8875267	Brazil	Rio de Janeiro	Armação dos Búzios
-22.5394843	-44.1735129	Brazil	Rio de Janeiro	BARRA MANSA
-22.7667284	-43.4033603	Brazil	Rio de Janeiro	BELFORD ROXO
-22.8804369	-42.0189227	Brazil	Rio de Janeiro	CABO FRIO
-22.4626861	-42.6534414	Brazil	Rio de Janeiro	CACHOEIRAS DE MACACU
-21.7558619	-41.3326895	Brazil	Rio de Janeiro	CAMPOS DOS GOYTACAZES
-22.1869969	-41.6633764	Brazil	Rio de Janeiro	CARAPEBUS
-22.4809932	-42.2039976	Brazil	Rio de Janeiro	CASIMIRO DE ABREU
-22.7896225	-43.309929	Brazil	Rio de Janeiro	DUQUE DE CAXIAS
-22.5266308	-42.9790687	Brazil	Rio de Janeiro	GUAPIMIRIM
-22.7496231	-42.8557428	Brazil	Rio de Janeiro	ITABORAI
-22.8629597	-43.775322	Brazil	Rio de Janeiro	ITAGUAI
-22.6427642	-43.6533831	Brazil	Rio de Janeiro	JAPERI
-22.3712958	-41.7866922	Brazil	Rio de Janeiro	MACAE
-22.6604221	-43.0426162	Brazil	Rio de Janeiro	MAGE
-22.9600193	-44.04111	Brazil	Rio de Janeiro	MANGARATIBA
-22.9196772	-42.8184375	Brazil	Rio de Janeiro	MARICA
-22.783092	-43.4293599	Brazil	Rio de Janeiro	MESQUITA
-22.4539417	-43.4691978	Brazil	Rio de Janeiro	MIGUEL PEREIRA
-22.8080114	-43.4138222	Brazil	Rio de Janeiro	NILOPOLIS
-22.8832371	-43.1154552	Brazil	Rio de Janeiro	NITEROI
-22.2800004	-42.5325303	Brazil	Rio de Janeiro	NOVA FRIBURGO
-22.7592175	-43.4508728	Brazil	Rio de Janeiro	NOVA IGUACU
-22.6109158	-43.7096912	Brazil	Rio de Janeiro	PARACAMBI
-23.2196461	-44.7154196	Brazil	Rio de Janeiro	PARATI
-22.4272703	-43.4219523	Brazil	Rio de Janeiro	PATY DO ALFERES
-22.5075743	-43.1785356	Brazil	Rio de Janeiro	PETROPOLIS
-22.5129436	-44.001435	Brazil	Rio de Janeiro	PINHEIRAL
-22.7156978	-43.555754	Brazil	Rio de Janeiro	QUEIMADOS
-22.4683626	-44.4463494	Brazil	Rio de Janeiro	RESENDE
-22.7108378	-42.6271864	Brazil	Rio de Janeiro	RIO BONITO
-22.9279449	-43.2088566	Brazil	Rio de Janeiro	RIO COMPRIDO
-22.5269448	-41.944972	Brazil	Rio de Janeiro	RIO DAS OSTRAS
-22.9110137	-43.2093727	Brazil	Rio de Janeiro	RIO DE JANEIRO
-22.9110137	-43.2093727	Brazil	Rio de Janeiro	Rio de Janeiro
-21.5389992	-42.1799978	Brazil	Rio de Janeiro	SANTO ANTONIO DE PADUA
-22.9913592	-43.2675329	Brazil	Rio de Janeiro	SAO CONRADO
-22.8219014	-43.0309252	Brazil	Rio de Janeiro	SAO GONCALO
-21.6348588	-41.0487079	Brazil	Rio de Janeiro	SAO JOAO DA BARRA
-22.8043744	-43.3724125	Brazil	Rio de Janeiro	SAO JOAO DE MERITI
-22.8384835	-42.1031604	Brazil	Rio de Janeiro	SAO PEDRO DA ALDEIA
-22.9257974	-42.507633	Brazil	Rio de Janeiro	SAQUAREMA
-22.75208405	-43.70792264991198	Brazil	Rio de Janeiro	SEROPEDICA
-22.6504534	-42.3919146	Brazil	Rio de Janeiro	SILVA JARDIM
-22.8219014	-43.0309252	Brazil	Rio de Janeiro	São Gonçalo
-22.7353777	-42.7202272	Brazil	Rio de Janeiro	TANGUA
-22.4164578	-42.975194	Brazil	Rio de Janeiro	TERESOPOLIS
-22.1167884	-43.2087226	Brazil	Rio de Janeiro	TRES RIOS
-22.2461028	-43.6996917	Brazil	Rio de Janeiro	VALENCA
-22.4093928	-43.6609318	Brazil	Rio de Janeiro	VASSOURAS
-22.5225497	-44.1040128	Brazil	Rio de Janeiro	VOLTA REDONDA
-9.9076522	-63.033069	Brazil	Rondônia	ARIQUEMES
-11.4333	-61.4420502	Brazil	Rondônia	CACOAL
-12.5528918	-60.9027819	Brazil	Rondônia	CHUPINGUAIA
-13.117431	-60.545428	Brazil	Rondônia	COLORADO DO OESTE
-10.8778148	-61.9277854	Brazil	Rondônia	JI PARANA
-8.7494525	-63.8735438	Brazil	Rondônia	PORTO VELHO
-26.9924395	-48.6339782	Brazil	Santa Catarina	BALNEARIO CAMBORIU
-26.9195567	-49.0658025	Brazil	Santa Catarina	BLUMENAU
-27.0964628	-48.9136323	Brazil	Santa Catarina	BRUSQUE
-27.5973002	-48.5496098	Brazil	Santa Catarina	FLORIANOPOLIS
-27.5973002	-48.5496098	Brazil	Santa Catarina	FLORIANÓPOLIS
-28.241827	-48.6643444	Brazil	Santa Catarina	IMBITUBA
-26.9117879	-48.6669852	Brazil	Santa Catarina	ITAJAI
-28.999338	-49.7603204	Brazil	Santa Catarina	JACINTO MACHADO
-26.721575	-52.8591464	Brazil	Santa Catarina	JARDINOPOLIS
-26.3044898	-48.8486726	Brazil	Santa Catarina	JOINVILLE
-27.6447774	-48.6646323	Brazil	Santa Catarina	PALHOCA
-26.7356218	-49.1770095	Brazil	Santa Catarina	POMERODE
-26.739777	-49.271828	Brazil	Santa Catarina	RIO DOS CEDROS
-27.0001864	-51.4171838	Brazil	Santa Catarina	SANTA CATARINA
-27.1528578	-52.3096985	Brazil	Santa Catarina	SEARA
-10.9162061	-37.0774655	Brazil	Sergipe	ARACAJU
-22.0592036	-46.979384	Brazil	São Paulo	AGUAI
-22.7392463	-47.3306032	Brazil	São Paulo	AMERICANA
-22.70111	-46.76444	Brazil	São Paulo	AMPARO
-20.896505	-51.3742765	Brazil	São Paulo	ANDRADINA
-22.851552	-45.2340924	Brazil	São Paulo	APARECIDA
-23.438611	-47.061389	Brazil	São Paulo	ARACARIGUAMA
-21.207992	-50.4390225	Brazil	São Paulo	ARACATUBA
-23.5045367	-47.6168158	Brazil	São Paulo	ARACOIABA DA SERRA
-21.7886713	-48.1773096	Brazil	São Paulo	ARARAQUARA
-22.3569477	-47.3838889	Brazil	São Paulo	ARARAS
-22.572737	-47.172679	Brazil	São Paulo	ARTUR NOGUEIRA
-23.396266	-46.3175449	Brazil	São Paulo	ARUJA
-22.6620892	-50.420623	Brazil	São Paulo	ASSIS
-23.1177393	-46.5547861	Brazil	São Paulo	ATIBAIA
-23.1045215	-48.9259103	Brazil	São Paulo	AVARE
-20.5531437	-48.5697509	Brazil	São Paulo	BARRETOS
-23.5112184	-46.8764612	Brazil	São Paulo	BARUERI
-22.3218102	-49.0705863	Brazil	São Paulo	BAURU
-23.848568	-46.139586	Brazil	São Paulo	BERTIOGA
-21.2908491	-50.34144	Brazil	São Paulo	BIRIGUI
-23.5697765	-46.0407456	Brazil	São Paulo	BIRITIBA MIRIM
-23.6707405	-46.111904815848476	Brazil	São Paulo	BIRITIBA USSU
-23.5697765	-46.0407456	Brazil	São Paulo	BIRITIBA-MIRIM
-23.1019554	-48.2610535	Brazil	São Paulo	BOFETE
-22.8879628	-48.4410712	Brazil	São Paulo	BOTUCATU
-22.9520235	-46.5418586	Brazil	São Paulo	BRAGANCA PAULISTA
-23.5362598	-46.225164	Brazil	São Paulo	BRAZ CUBAS
-23.3076318	-47.1325128	Brazil	São Paulo	CABREUVA
-23.099204	-45.707645	Brazil	São Paulo	CACAPAVA
-22.666498	-45.015384	Brazil	São Paulo	CACHOEIRA PAULISTA
-23.3644621	-46.7484765	Brazil	São Paulo	CAIEIRAS
-23.3561111	-46.8769444	Brazil	São Paulo	CAJAMAR
-22.90556	-47.06083	Brazil	São Paulo	CAMPINAS
-23.207791	-46.788919	Brazil	São Paulo	CAMPO LIMPO PAULISTA
-22.9999295	-47.5031066	Brazil	São Paulo	CAPIVARI
-23.62028	-45.41306	Brazil	São Paulo	CARAGUATATUBA
-23.5234673	-46.8406808	Brazil	São Paulo	CARAPICUIBA
-20.080447	-49.9139767	Brazil	São Paulo	CARDOSO
-21.1331035	-48.9712817	Brazil	São Paulo	CATANDUVA
-23.1626556	-47.7433878	Brazil	São Paulo	CERQUILHO
-22.9446573	-45.4065912	Brazil	São Paulo	CIDADE NOVA
-21.5594631	-50.448624	Brazil	São Paulo	CLEMENTINA
-22.4768324	-47.4550551	Brazil	São Paulo	CORDEIROPOLIS
-22.6437398	-47.1972086	Brazil	São Paulo	COSMOPOLIS
-23.603889	-46.918889	Brazil	São Paulo	COTIA
-23.8857982	-46.4241869	Brazil	São Paulo	CUBATAO
-23.07753	-44.9567436	Brazil	São Paulo	CUNHA
-23.3644621	-46.7484765	Brazil	São Paulo	Caieiras
-21.7743137	-47.0852175	Brazil	São Paulo	Casa Branca
-21.9090404	-47.6203241	Brazil	São Paulo	DESCALVADO
-23.681347	-46.62052	Brazil	São Paulo	DIADEMA
-21.4835523	-51.5334408	Brazil	São Paulo	DRACENA
-23.6495294	-46.8528497	Brazil	São Paulo	EMBU DAS ARTES
-23.8317997	-46.8156204	Brazil	São Paulo	EMBU GUACU
-23.8317997	-46.8156204	Brazil	São Paulo	EMBU-GUACU
-22.4896659	-47.2119005	Brazil	São Paulo	ENGENHEIRO COELHO
-22.190871	-46.74767	Brazil	São Paulo	ESPIRITO SANTO DO PINHAL
-22.190871	-46.74767	Brazil	São Paulo	ESPÍRITO SANTO DO PINHAL
-23.6495294	-46.8528497	Brazil	São Paulo	Embu das Artes
-20.2825647	-50.2500762	Brazil	São Paulo	FERNANDOPOLIS
-23.541056	-46.37097	Brazil	São Paulo	FERRAZ DE VASCONCELOS
-20.5381768	-47.4009795	Brazil	São Paulo	FRANCA
-23.2817308	-46.7448996	Brazil	São Paulo	FRANCISCO MORATO
-23.3328038	-46.724446	Brazil	São Paulo	FRANCO DA ROCHA
-23.541056	-46.37097	Brazil	São Paulo	Ferraz de Vasconcelos
-22.2125766	-49.6547994	Brazil	São Paulo	GARCA
-21.2542739	-50.6440083	Brazil	São Paulo	GUARARAPES
-23.4133724	-46.0379249	Brazil	São Paulo	GUARAREMA
-22.8057839	-45.1908926	Brazil	São Paulo	GUARATINGUETA
-23.9927768	-46.2558332	Brazil	São Paulo	GUARUJA
-23.4430602	-46.524459	Brazil	São Paulo	GUARULHOS
-21.496092	-48.0360685	Brazil	São Paulo	GUATAPARA
-20.3245873	-48.3148818	Brazil	São Paulo	GUAÍRA
-22.85833	-47.22	Brazil	São Paulo	HORTOLANDIA
-23.6544825	-47.220856	Brazil	São Paulo	IBIUNA
-20.4281001	-51.3410871	Brazil	São Paulo	ILHA SOLTEIRA
-23.816628	-45.368685	Brazil	São Paulo	ILHABELA
-23.09028	-47.21806	Brazil	São Paulo	INDAIATUBA
-22.5869091	-47.5160966	Brazil	São Paulo	IRACEMAPOLIS
-24.1848847	-46.7921572	Brazil	São Paulo	ITANHAEM
-23.7176303	-46.8492435	Brazil	São Paulo	ITAPECERICA DA SERRA
-23.588607	-48.048326	Brazil	São Paulo	ITAPETININGA
-23.9849105	-48.8803886	Brazil	São Paulo	ITAPEVA
-23.54888	-46.933889	Brazil	São Paulo	ITAPEVI
-22.436111	-46.821667	Brazil	São Paulo	ITAPIRA
-20.6435211	-51.5084479	Brazil	São Paulo	ITAPURA
-23.4754492	-46.3514033	Brazil	São Paulo	ITAQUAQUECETUBA
-22.9965861	-46.8412042	Brazil	São Paulo	ITATIBA
-23.1042417	-48.6134874	Brazil	São Paulo	ITATINGA
-23.2638828	-47.298892	Brazil	São Paulo	ITU
-20.3366604	-47.7797924	Brazil	São Paulo	ITUVERAVA
-23.4754492	-46.3514033	Brazil	São Paulo	Itaquaquecetuba
-21.252037	-48.325223	Brazil	São Paulo	JABOTICABAL
-23.2208666	-47.1008751	Brazil	São Paulo	JACARE CABREUVA
-23.30528	-45.96583	Brazil	São Paulo	JACAREI
-20.2671767	-50.5492435	Brazil	São Paulo	JALES
-23.5282246	-46.902003	Brazil	São Paulo	JANDIRA
-23.0949649	-46.7148565	Brazil	São Paulo	JARINU
-22.293585	-48.559193	Brazil	São Paulo	JAU
-23.1887668	-46.884506	Brazil	São Paulo	JUNDIAI
-23.932346	-47.0714217	Brazil	São Paulo	JUQUITIBA
-22.1859721	-47.389764	Brazil	São Paulo	LEME
-22.6029897	-48.8031367	Brazil	São Paulo	LENCOIS PAULISTA
-22.5615068	-47.401766	Brazil	São Paulo	LIMEIRA
-21.6741873	-49.7518932	Brazil	São Paulo	LINS
-22.7367652	-45.1070876	Brazil	São Paulo	LORENA
-23.08639	-46.95056	Brazil	São Paulo	LOUVEIRA
-23.5401247	-47.1846323	Brazil	São Paulo	MAIRINQUE
-23.3186111	-46.5866667	Brazil	São Paulo	MAIRIPORA
-22.217108	-49.95006	Brazil	São Paulo	MARILIA
-21.6033611	-48.3660603	Brazil	São Paulo	MATAO
-23.6669527	-46.4616922	Brazil	São Paulo	MAUA
-21.464731	-47.002405	Brazil	São Paulo	MOCOCA
-23.5234284	-46.1926671	Brazil	São Paulo	MOGI DAS CRUZES
-22.372222	-46.9425	Brazil	São Paulo	MOGI GUACU
-22.433009	-46.9581629	Brazil	São Paulo	MOGI MIRIM
-24.0959454	-46.6234361	Brazil	São Paulo	MONGAGUA
-21.265545	-48.497066	Brazil	São Paulo	MONTE ALTO
-20.7625702	-49.7088402	Brazil	São Paulo	MONTE APRAZIVEL
-22.945043	-47.312182	Brazil	São Paulo	MONTE MOR
-22.9553542	-45.8387146	Brazil	São Paulo	MONTEIRO LOBATO
-20.6943324	-50.0406028	Brazil	São Paulo	NHANDEARA
-21.4674564	-49.2235377	Brazil	São Paulo	NOVO HORIZONTE
-23.5324859	-46.7916801	Brazil	São Paulo	OSASCO
-21.7962773	-50.879119	Brazil	São Paulo	OSVALDO CRUZ
-22.9777918	-49.868204	Brazil	São Paulo	OURINHOS
-21.566243	-51.2633114	Brazil	São Paulo	PACAEMBU
-22.786384	-50.2198965	Brazil	São Paulo	PALMITAL
-22.4203497	-50.5792099	Brazil	São Paulo	PARAGUACU PAULISTA
-23.3864203	-45.6626797	Brazil	São Paulo	PARAIBUNA
-23.390161	-48.720868	Brazil	São Paulo	PARANAPANEMA
-22.7630391	-47.1532213	Brazil	São Paulo	PAULINIA
-22.741347	-46.894846	Brazil	São Paulo	PEDREIRA
-21.4192406	-50.0765588	Brazil	São Paulo	PENAPOLIS
-24.3218105	-46.9977452	Brazil	São Paulo	PERUIBE
-22.9340165	-45.462938	Brazil	São Paulo	PINDAMONHANGABA
-22.7824349	-46.5901718	Brazil	São Paulo	PINHALZINHO
-23.052545	-46.359374	Brazil	São Paulo	PIRACAIA
-22.72528	-47.64917	Brazil	São Paulo	PIRACICABA
-23.3972146	-47.0025661	Brazil	São Paulo	PIRAPORA DO BOM JESUS
-21.9980468	-47.4280861	Brazil	São Paulo	PIRASSUNUNGA
-21.013203	-48.220951	Brazil	São Paulo	PITANGUEIRAS
-23.5249082	-46.3445663	Brazil	São Paulo	POA
-22.1088293	-50.1720753	Brazil	São Paulo	POMPEIA
-23.2125392	-47.5240065	Brazil	São Paulo	PORTO FELIZ
-21.8529134	-47.4794943	Brazil	São Paulo	PORTO FERREIRA
-22.8377227	-45.2565239	Brazil	São Paulo	POTIM
-21.0457369	-49.3767154	Brazil	São Paulo	POTIRENDABA
-24.005833	-46.402778	Brazil	São Paulo	PRAIA GRANDE
-21.765074	-52.11114	Brazil	São Paulo	PRESIDENTE EPITACIO
-22.1225167	-51.3882528	Brazil	São Paulo	PRESIDENTE PRUDENTE
-21.877116	-51.8451047	Brazil	São Paulo	PRESIDENTE VENCESLAU
-23.0143559	-47.5306721	Brazil	São Paulo	RAFARD
-24.497942	-47.844895	Brazil	São Paulo	REGISTRO
-24.2211495	-48.7678322	Brazil	São Paulo	RIBEIRAO BRANCO
-23.7129388	-46.4150871	Brazil	São Paulo	RIBEIRAO PIRES
-21.178333	-47.8066671	Brazil	São Paulo	RIBEIRAO PRETO
-22.4100108	-47.5603933	Brazil	São Paulo	RIO CLARO
-23.743724	-46.397084	Brazil	São Paulo	RIO GRANDE DA SERRA
-22.5788641	-53.0552246	Brazil	São Paulo	ROSANA
-22.9008966	-45.3098797	Brazil	São Paulo	ROSEIRA
-23.528805	-45.84653	Brazil	São Paulo	SALESOPOLIS
-22.8446614	-47.675489	Brazil	São Paulo	SALTINHO
-23.1989983	-47.2913682	Brazil	São Paulo	SALTO
-23.6492502	-47.5729465	Brazil	São Paulo	SALTO DE PIRAPORA
-22.7542539	-47.4137884	Brazil	São Paulo	SANTA BARBARA D'OESTE
-20.2106188	-50.9270837	Brazil	São Paulo	SANTA FE DO SUL
-23.3194222	-46.2271903	Brazil	São Paulo	SANTA ISABEL
-21.7103738	-47.4777943	Brazil	São Paulo	SANTA RITA DO PASSA QUATRO
-21.4869452	-47.3654908	Brazil	São Paulo	SANTA ROSA DE VITERBO
-23.4446715	-46.9167722	Brazil	São Paulo	SANTANA DE PARNAIBA
-23.6573395	-46.5322504	Brazil	São Paulo	SANTO ANDRE
-21.0893048	-47.1523426	Brazil	São Paulo	SANTO ANTONIO DA ALEGRIA
-22.8250504	-45.6674063	Brazil	São Paulo	SANTO ANTONIO DO PINHAL
-23.960833	-46.333889	Brazil	São Paulo	SANTOS
-23.7046489	-49.3024351	Brazil	São Paulo	SAO BERNARDO
-23.7080345	-46.5506747	Brazil	São Paulo	SAO BERNARDO DO CAMPO
-23.6195923	-46.5688323	Brazil	São Paulo	SAO CAETANO DO SUL
-22.0180395	-47.891154	Brazil	São Paulo	SAO CARLOS
-21.9778137	-46.7881722	Brazil	São Paulo	SAO JOAO DA BOA VISTA
-20.5814993	-47.8608238	Brazil	São Paulo	SAO JOAQUIM DA BARRA
-21.595288	-46.887303	Brazil	São Paulo	SAO JOSE DO RIO PARDO
-20.8125851	-49.3804212	Brazil	São Paulo	SAO JOSE DO RIO PRETO
-23.1860383	-45.8866816	Brazil	São Paulo	SAO JOSE DOS CAMPOS
-23.8535923	-46.9440587	Brazil	São Paulo	SAO LOURENCO DA SERRA
-23.5506507	-46.6333824	Brazil	São Paulo	SAO PAULO
-22.5512765	-47.9072359	Brazil	São Paulo	SAO PEDRO
-23.5304843	-47.1355473	Brazil	São Paulo	SAO ROQUE
-23.8027866	-45.4070527	Brazil	São Paulo	SAO SEBASTIAO
-23.9603686	-46.3847024	Brazil	São Paulo	SAO VICENTE
-21.2066883	-47.6053774	Brazil	São Paulo	SERRANA
-22.66384	-44.852157	Brazil	São Paulo	SILVEIRAS
-22.5902619	-46.5249112	Brazil	São Paulo	SOCORRO
-23.5003451	-47.4582864	Brazil	São Paulo	SOROCABA
-22.8217964	-47.267105	Brazil	São Paulo	SUMARE
-23.5427842	-46.3108391	Brazil	São Paulo	SUZANO
-23.8807771	-47.9963492	Brazil	São Paulo	SÃO MIGUEL ARCANJO
-23.1860383	-45.8866816	Brazil	São Paulo	São José dos Campos
-23.6121912	-46.7790539	Brazil	São Paulo	TABOAO DA SERRA
-21.70292	-47.270344	Brazil	São Paulo	TAMBAU
-21.46824	-46.7493221	Brazil	São Paulo	TAPIRATIBA
-23.5337307	-49.2452541	Brazil	São Paulo	TAQUARITUBA
-23.3518451	-47.848026	Brazil	São Paulo	TATUI
-23.031448	-45.5612792	Brazil	São Paulo	TAUBATE
-23.25538485	-46.57343483974451	Brazil	São Paulo	TERRA PRETA
-23.1030302	-47.7147937	Brazil	São Paulo	TIETE
-23.1030302	-47.7147937	Brazil	São Paulo	TIETÊ
-23.5309113	-46.6325376	Brazil	São Paulo	TIRADENTES
-22.95714	-45.547526	Brazil	São Paulo	TREMEMBE
-21.9349129	-50.5141255	Brazil	São Paulo	TUPA
-23.433162	-45.083415	Brazil	São Paulo	UBATUBA
-22.97056	-46.99583	Brazil	São Paulo	VALINHOS
-23.599338	-47.022038	Brazil	São Paulo	VARGEM GRANDE PAULISTA
-23.2113889	-46.8283333	Brazil	São Paulo	VARZEA PAULISTA
-23.270684	-47.2870515	Brazil	São Paulo	VILA ROMA ITU
-23.0298535	-46.9749847	Brazil	São Paulo	VINHEDO
-20.4252908	-49.972028	Brazil	São Paulo	VOTUPORANGA
-7.193241	-48.2018597	Brazil	Tocantins	ARAGUAINA
-10.1837852	-48.3336423	Brazil	Tocantins	PALMAS
-3.3973569	-44.3560724	Brazil	Maranhão	ITAPECURU MIRIM
-25.3133048	-49.2997838	Brazil	Paraná	ALMIRANTE TAMANDARE
-7.7218931	-35.326587	Brazil	Pernambuco	BUENOS AIRES
-22.5504556	-43.6783403	Brazil	Rio de Janeiro	ENGENHEIRO PAULO DE FRONTIN
-27.6157733	-48.6276491	Brazil	Santa Catarina	SAO JOSE
-22.358291649999998	-47.90641214850632	Brazil	São Paulo	Itaqueri da Serra
-12.89242	-38.3127691	Brazil	Bahia	Lauro de Freitas
-22.4626861	-42.6534414	Brazil	Rio de Janeiro	Cachoeiras de Macacu
-22.5075743	-43.1785356	Brazil	Rio de Janeiro	Petrópolis
-22.1683478	-43.5858689	Brazil	Rio de Janeiro	RIO DAS FLORES
-22.6000681	-47.8750887	Brazil	São Paulo	AGUAS DE SAO PEDRO
-23.3076318	-47.1325128	Brazil	São Paulo	Cabreúva
-23.3186111	-46.5866667	Brazil	São Paulo	Mairiporã
-23.5234284	-46.1926671	Brazil	São Paulo	Mogi das Cruzes
-16.8226769	-49.2452546	Brazil	Goiás	APARECIDA DE GOIANIA
-22.358291649999998	-47.90641214850632	Brazil	São Paulo	ITAQUERI DA SERRA
-21.2254524	-43.7735087	Brazil	Minas Gerais	BARBACENA
-19.2232523	-42.4807033	Brazil	Minas Gerais	BELO ORIENTE
-17.0096469	-46.0087183	Brazil	Minas Gerais	BRASILÂNDIA DE MINAS
-21.2333342	-45.7584127	Brazil	Minas Gerais	CAMPOS GERAIS
-18.7741896	-46.4082511	Brazil	Minas Gerais	LAGOA FORMOSA
-21.189722	-46.98	Brazil	Minas Gerais	MONTE SANTO DE MINAS
-19.466111	-44.246944	Brazil	Minas Gerais	SETE LAGOAS
-21.5404913	-49.8574709	Brazil	São Paulo	PROMISSAO
-16.0834049	-48.5077803	Brazil	Goiás	ALEXANIA
-14.4361002	-49.7092915	Brazil	Goiás	SANTA TEREZINHA DE GOIAS
-16.7475869	-48.5131735	Brazil	Goiás	VIANOPOLIS
-15.0683712	-57.1853688	Brazil	Mato Grosso	BARRA DO BUGRES
-20.6596107	-43.785743	Brazil	Minas Gerais	CONSELHEIRO LAFAIETE
-17.8575	-42.859722	Brazil	Minas Gerais	ITAMARANDIBA
-15.4875	-44.361111	Brazil	Minas Gerais	JANUARIA
-19.5576547	-44.0816035	Brazil	Minas Gerais	MATOZINHOS
-2.99564	-47.3548942	Brazil	Pará	PARAGOMINAS
-22.1636384	-43.2916915	Brazil	Rio de Janeiro	PARAIBA DO SUL
-22.490859	-48.558349	Brazil	São Paulo	BARRA BONITA
-20.892867	-47.592149	Brazil	São Paulo	BATATAIS
-20.949077	-48.479083	Brazil	São Paulo	BEBEDOURO
-21.0815104	-49.2424619	Brazil	São Paulo	IBIRA
-23.8621345	-49.1398926	Brazil	São Paulo	ITABERA
-20.179612	-48.030997	Brazil	São Paulo	MIGUELOPOLIS
-20.25071	-47.4808786	Brazil	São Paulo	PEDREGULHO
-3.1316333	-59.9825041	Brazil	Amazonas	Manaus
-11.4891658	-38.9997411	Brazil	Bahia	TEOFILANDIA
-19.5346732	-40.6287836	Brazil	Espírito Santo	COLATINA
-19.936339	-40.597945	Brazil	Espírito Santo	SANTA TERESA
-15.9408902	-50.1465398	Brazil	Goiás	GOIAS
-15.9465415	-48.2616527	Brazil	Goiás	SANTO ANTONIO DO DESCOBERTO
-16.7013233	-49.0914921	Brazil	Goiás	SENADOR CANEDO
-16.0686394	-47.9764907	Brazil	Goiás	VALPARAISO DE GOIAS
-4.8654201	-43.353664	Brazil	Maranhão	CAXIAS
-19.968056	-44.198333	Brazil	Minas Gerais	BETIM
-20.143611	-44.2	Brazil	Minas Gerais	BRUMADINHO
-22.285833	-46.612222	Brazil	Minas Gerais	JACUTINGA
-21.130556	-42.366389	Brazil	Minas Gerais	MURIAE
-20.7167803	-46.6156864	Brazil	Minas Gerais	PASSOS
-21.780834	-45.965	Brazil	Minas Gerais	POÇO FUNDO
-21.8905238	-45.5935943	Brazil	Minas Gerais	SAO GONCALO DO SAPUCAI
-25.9412009	-52.1740852	Brazil	Paraná	MANGUEIRINHA
-23.7621152	-53.3116192	Brazil	Paraná	UMUARAMA
-6.97324	-34.8351609	Brazil	Paraíba	CABEDELO
-1.45056	-48.4682453	Brazil	Pará	PARA
-22.8200449	-43.0019925	Brazil	Rio de Janeiro	ALCANTARA
-22.0287681	-42.3607442	Brazil	Rio de Janeiro	CORDEIRO
-21.6725236	-42.0798658	Brazil	Rio de Janeiro	ITAOCARA
-21.2048	-41.88801	Brazil	Rio de Janeiro	ITAPERUNA
-22.8738582	-43.33495157817274	Brazil	Rio de Janeiro	LISBOA
-22.7800815	-42.9652045	Brazil	Rio de Janeiro	MANILHA
-22.9197	-43.1786225	Brazil	Rio de Janeiro	SWITZERLAND
-28.6789941	-49.3695627	Brazil	Santa Catarina	CRICIUMA
-24.5076527	-48.8461582	Brazil	São Paulo	APIAÍ
-23.2838893	-47.6738231	Brazil	São Paulo	BOITUVA
-21.5281123	-46.6434015	Brazil	São Paulo	CACONDE
-24.0048759	-48.3489848	Brazil	São Paulo	CAPAO BONITO
-21.6604584	-46.7371151	Brazil	São Paulo	DIVINOLANDIA
-22.4325855	-50.2037693	Brazil	São Paulo	ECHAPORA
-24.1145368	-49.3352464	Brazil	São Paulo	ITARARE
-20.720278	-47.886667	Brazil	São Paulo	ORLANDIA
-22.6054087	-46.9210727	Brazil	São Paulo	SANTO ANTÔNIO DE POSSE
-23.4122472	-46.2007422	Brazil	São Paulo	TABOAO
-23.5386249	-47.440842	Brazil	São Paulo	VOTORANTIM
-14.8602238	-39.6561384	Brazil	Bahia	FLORESTA AZUL
-12.530685	-38.300898	Brazil	Bahia	MATA DE SAO JOAO
-15.8419933	-48.0281208	Brazil	Distrito Federal	AGUAS CLARAS
-19.8989653	-41.0584617	Brazil	Espírito Santo	LARANJA DA TERRA
-18.2998272	-39.9558844	Brazil	Espírito Santo	PEDRO CANARIO
-21.01	-42.840833	Brazil	Minas Gerais	VISCONDE DO RIO BRANCO
-26.0790979	-53.0533527	Brazil	Paraná	FRANCISCO BELTRAO
-6.6386974	-51.9787582	Brazil	Pará	SAO FELIX DO XINGU
-7.7961599	-35.5871025	Brazil	Pernambuco	BOM JARDIM
-8.2838945	-35.0320984	Brazil	Pernambuco	CABO DE SANTO AGOSTINHO
-8.875762	-36.36532	Brazil	Pernambuco	SAO JOAO
-28.5006499	-51.7050503	Brazil	Rio Grande do Sul	SAO JORGE
-21.9946569	-42.9137975	Brazil	Rio de Janeiro	 Sapucaia 
-22.9662839	-42.024427	Brazil	Rio de Janeiro	ARRAIAL DO CABO
-22.7496231	-42.8557428	Brazil	Rio de Janeiro	Itaboraí
-22.9600193	-44.04111	Brazil	Rio de Janeiro	Mangaratiba
-26.4897432	-49.0778063	Brazil	Santa Catarina	JARAGUA DO SUL
-22.3697554	-48.3845315	Brazil	São Paulo	DOIS CORREGOS
-23.2555732	-47.2777755	Brazil	São Paulo	JARDIM PARAISO ITU
-22.8441256	-47.6065667	Brazil	São Paulo	RIO DAS PEDRAS
-23.6121912	-46.7790539	Brazil	São Paulo	Taboão da Serra
-15.7934036	-47.8823172	Brazil	Distrito Federal	Brasília
